"seconds","replicas","offered_rps"
"4.1","2","8"
"9.22","2","20"
"14.43","2","30.4"
"19.72","2","40.4"
"25.25","2","55.4"
"30.66","2","56.2"
"36.04","2","64.2"
"41.46","2","91.2"
"46.75","2","47.4"
"52.11","2","71.4"
"57.54","6","24.8"
"63.34","6","29.2"
"68.84","6","34.2"
"74.22","10","50.2"
"79.67","10","57"
"85.23","10","55"
"90.68","10","55.6"
"96.1","10","53.4"
"101.47","10","43.2"
"107.19","10","35.4"
"112.65","10","39.6"
"118.28","10","25.4"
"125.87","10","39"
"131.56","10","38.6"
"137.53","10","25.6"
"143.75","10","27.4"
"149.64","10","32.4"
"155.85","10","42.4"
"161.87","10","33.2"
"167.89","10","23"
"174.35","10","31.6"
"180.25","10","23"
"185.56","10","0"
"191.04","10","0"
"196.23","10","0"
"201.42","10","0"
"206.57","10","0"
"211.78","10","0"
"217.11","10","0"
"222.26","10","0"
"227.42","10","0"
"232.59","10","0"
"237.77","10","0"
"242.94","10","0"
"248.14","10","0"
"253.29","10","0"
"258.45","10","0"
"263.57","10","0"
"268.72","10","0"
"274.02","10","0"
"279.17","10","0"
"284.31","10","0"
"289.58","10","0"
"294.68","10","0"
"299.8","10","0"
"304.94","10","0"
"310.23","10","0"
"315.64","10","0"
"320.91","10","0"
"326.04","10","0"
"331.38","10","0"
"336.48","10","0"
"341.61","10","0"
"346.72","10","0"
"351.88","10","0"
"357.09","10","0"
"362.2","10","0"
"367.35","10","0"
"372.45","10","0"
"377.6","10","0"
"382.71","10","0"
"387.85","10","0"
"393.08","10","0"
"398.48","10","0"
"403.66","10","0"
"408.86","10","0"
"414.11","10","0"
"419.25","10","0"
"424.4","10","0"
"430.42","10","0"
"435.69","10","0"
"440.93","10","0"
"446.16","10","0"
"451.3","10","0"
"456.44","10","0"
"461.61","10","0"
"466.75","10","0"
"471.91","10","0"
"477.07","10","0"
"482.23","10","0"
"487.38","10","0"
"492.57","10","0"
"497.7","7","0"
"502.83","7","0"
"508.03","7","0"
"513.17","7","0"
"519.27","7","0"
"524.44","7","0"
"529.58","7","0"
"534.8","7","0"
"540.18","7","0"
"545.44","7","0"
"550.68","7","0"
"555.9","5","0"
"561.08","5","0"
"566.26","5","0"
"571.39","5","0"
"576.6","5","0"
"581.73","5","0"
"586.9","5","0"
"592.04","5","0"
"597.16","5","0"
"602.4","5","0"
"607.52","5","0"
"612.83","5","0"
"618.04","3","0"
"623.35","3","0"
"628.54","3","0"
"633.85","3","0"
"638.99","3","0"
"644.13","3","0"
"649.41","3","0"
"654.53","3","0"
"659.65","3","0"
"664.78","3","0"
"669.92","3","0"
"675.03","2","0"
"680.24","2","0"
"685.35","2","0"
